churn,CHURN,tenure,monthlycharges,paperlessbilling,PAPERLESSBILLING,dependents,DEPENDENTS,internetservice,FIBER,DSL,phoneservice,PHONESERVICE,sample_training,sample_test
Yes,1,9,81,Yes,1,No,0,Fiber optic,1,0,Yes,1,1,0
No,0,42,92,Yes,1,Yes,1,Fiber optic,1,0,Yes,1,1,0
Yes,1,2,80,Yes,1,No,0,Fiber optic,1,0,Yes,1,1,0
Yes,1,3,76,Yes,1,No,0,Fiber optic,1,0,Yes,1,1,0
Yes,1,6,84,Yes,1,No,0,Fiber optic,1,0,Yes,1,1,0
No,0,7,20,No,0,No,0,No,0,0,Yes,1,1,0
No,0,57,19,No,0,Yes,1,No,0,0,Yes,1,1,0
No,0,18,57,No,0,No,0,DSL,0,1,Yes,1,1,0
No,0,53,74,Yes,1,No,0,Fiber optic,1,0,Yes,1,1,0
Yes,1,22,91,Yes,1,No,0,Fiber optic,1,0,Yes,1,1,0
No,0,8,60,Yes,1,No,0,DSL,0,1,Yes,1,1,0
No,0,49,19,No,0,No,0,No,0,0,Yes,1,1,0
No,0,58,65,Yes,1,No,0,DSL,0,1,Yes,1,1,0
No,0,8,20,Yes,1,No,0,No,0,0,Yes,1,1,0
No,0,38,79,No,0,Yes,1,DSL,0,1,Yes,1,1,0
Yes,1,1,71,No,0,No,0,Fiber optic,1,0,Yes,1,1,0
No,0,27,76,Yes,1,No,0,Fiber optic,1,0,Yes,1,1,0
Yes,1,31,103,Yes,1,No,0,Fiber optic,1,0,Yes,1,1,0
Yes,1,41,100,Yes,1,No,0,Fiber optic,1,0,Yes,1,1,0
No,0,56,100,Yes,1,No,0,Fiber optic,1,0,Yes,1,1,0
Yes,1,13,99,Yes,1,No,0,Fiber optic,1,0,Yes,1,1,0
Yes,1,1,25,No,0,No,0,DSL,0,1,No,0,1,0
Yes,1,66,106,Yes,1,No,0,Fiber optic,1,0,Yes,1,1,0
No,0,31,89,No,0,Yes,1,Fiber optic,1,0,Yes,1,1,0
Yes,1,37,79,Yes,1,No,0,Fiber optic,1,0,Yes,1,1,0
Yes,1,13,97,Yes,1,No,0,Fiber optic,1,0,Yes,1,1,0
No,0,66,89,Yes,1,No,0,Fiber optic,1,0,Yes,1,1,0
Yes,1,1,70,Yes,1,No,0,Fiber optic,1,0,Yes,1,1,0
No,0,41,75,Yes,1,Yes,1,DSL,0,1,Yes,1,1,0
No,0,55,52,No,0,No,0,DSL,0,1,Yes,1,1,0
No,0,61,94,No,0,No,0,Fiber optic,1,0,Yes,1,1,0
Yes,1,17,76,Yes,1,No,0,Fiber optic,1,0,Yes,1,1,0
No,0,33,26,No,0,No,0,No,0,0,Yes,1,1,0
No,0,51,99,Yes,1,No,0,Fiber optic,1,0,Yes,1,1,0
No,0,37,75,No,0,Yes,1,DSL,0,1,Yes,1,1,0
No,0,25,71,Yes,1,No,0,DSL,0,1,Yes,1,1,0
Yes,1,3,99,Yes,1,No,0,Fiber optic,1,0,Yes,1,1,0
No,0,67,26,Yes,1,No,0,No,0,0,Yes,1,1,0
No,0,51,19,No,0,No,0,No,0,0,Yes,1,1,0
No,0,16,19,Yes,1,Yes,1,No,0,0,Yes,1,1,0
No,0,65,92,No,0,Yes,1,DSL,0,1,Yes,1,1,0
Yes,1,1,43,Yes,1,No,0,DSL,0,1,Yes,1,1,0
No,0,72,88,Yes,1,Yes,1,DSL,0,1,Yes,1,1,0
Yes,1,15,74,Yes,1,No,0,Fiber optic,1,0,Yes,1,1,0
No,0,72,101,Yes,1,No,0,Fiber optic,1,0,Yes,1,1,0
Yes,1,33,110,Yes,1,No,0,Fiber optic,1,0,Yes,1,1,0
No,0,5,56,No,0,No,0,DSL,0,1,Yes,1,1,0
No,0,45,85,Yes,1,No,0,Fiber optic,1,0,Yes,1,1,0
No,0,20,54,No,0,No,0,DSL,0,1,Yes,1,1,0
No,0,33,101,Yes,1,No,0,Fiber optic,1,0,Yes,1,1,0
No,0,2,91,Yes,1,No,0,Fiber optic,1,0,Yes,1,1,0
No,0,62,101,Yes,1,No,0,Fiber optic,1,0,Yes,1,1,0
No,0,67,20,No,0,No,0,No,0,0,Yes,1,1,0
Yes,1,1,26,Yes,1,No,0,DSL,0,1,No,0,1,0
No,0,1,25,No,0,No,0,DSL,0,1,No,0,1,0
No,0,25,20,No,0,Yes,1,No,0,0,Yes,1,1,0
Yes,1,15,105,No,0,No,0,Fiber optic,1,0,Yes,1,1,0
Yes,1,49,101,Yes,1,Yes,1,Fiber optic,1,0,Yes,1,1,0
No,0,25,21,No,0,Yes,1,No,0,0,Yes,1,1,0
No,0,60,38,No,0,No,0,DSL,0,1,No,0,1,0
No,0,68,45,No,0,Yes,1,DSL,0,1,No,0,1,0
Yes,1,29,25,Yes,1,No,0,DSL,0,1,No,0,1,0
No,0,1,75,No,0,No,0,Fiber optic,1,0,Yes,1,1,0
Yes,1,58,103,Yes,1,No,0,Fiber optic,1,0,Yes,1,1,0
No,0,20,71,No,0,No,0,Fiber optic,1,0,Yes,1,1,0
No,0,25,35,No,0,Yes,1,DSL,0,1,No,0,1,0
No,0,29,46,Yes,1,No,0,DSL,0,1,No,0,1,0
No,0,64,20,No,0,No,0,No,0,0,Yes,1,1,0
Yes,1,10,104,Yes,1,No,0,Fiber optic,1,0,Yes,1,1,0
Yes,1,2,46,No,0,No,0,DSL,0,1,Yes,1,1,0
No,0,40,50,Yes,1,No,0,DSL,0,1,Yes,1,1,0
Yes,1,21,104,Yes,1,No,0,Fiber optic,1,0,Yes,1,1,0
Yes,1,18,100,No,0,No,0,Fiber optic,1,0,Yes,1,1,0
No,0,64,26,No,0,No,0,No,0,0,Yes,1,1,0
No,0,58,84,Yes,1,No,0,DSL,0,1,Yes,1,1,0
No,0,38,74,No,0,Yes,1,DSL,0,1,Yes,1,1,0
No,0,56,105,Yes,1,No,0,Fiber optic,1,0,Yes,1,1,0
No,0,45,26,No,0,No,0,No,0,0,Yes,1,1,0
Yes,1,65,106,Yes,1,Yes,1,Fiber optic,1,0,Yes,1,1,0
No,0,17,21,No,0,Yes,1,No,0,0,Yes,1,1,0
Yes,1,1,71,Yes,1,Yes,1,Fiber optic,1,0,Yes,1,1,0
No,0,72,108,Yes,1,No,0,Fiber optic,1,0,Yes,1,1,0
Yes,1,4,75,No,0,No,0,Fiber optic,1,0,Yes,1,1,0
Yes,1,20,99,Yes,1,No,0,Fiber optic,1,0,Yes,1,1,0
No,0,3,29,No,0,No,0,DSL,0,1,No,0,1,0
No,0,69,82,Yes,1,Yes,1,DSL,0,1,Yes,1,1,0
Yes,1,32,106,No,0,No,0,Fiber optic,1,0,Yes,1,1,0
Yes,1,42,95,Yes,1,No,0,Fiber optic,1,0,Yes,1,1,0
No,0,72,116,Yes,1,No,0,Fiber optic,1,0,Yes,1,1,0
Yes,1,1,44,Yes,1,Yes,1,DSL,0,1,Yes,1,1,0
No,0,15,60,Yes,1,Yes,1,DSL,0,1,Yes,1,1,0
No,0,53,19,No,0,No,0,No,0,0,Yes,1,1,0
No,0,72,117,Yes,1,Yes,1,Fiber optic,1,0,Yes,1,1,0
Yes,1,9,75,Yes,1,No,0,Fiber optic,1,0,Yes,1,1,0
No,0,64,81,Yes,1,No,0,DSL,0,1,Yes,1,1,0
No,0,48,91,Yes,1,No,0,Fiber optic,1,0,Yes,1,1,0
Yes,1,17,24,No,0,Yes,1,No,0,0,Yes,1,1,0
No,0,42,23,No,0,Yes,1,No,0,0,Yes,1,1,0
Yes,1,2,87,Yes,1,No,0,Fiber optic,1,0,Yes,1,1,0
Yes,1,21,104,No,0,Yes,1,Fiber optic,1,0,Yes,1,1,0
No,0,72,77,Yes,1,Yes,1,DSL,0,1,Yes,1,1,0
No,0,72,26,Yes,1,Yes,1,No,0,0,Yes,1,1,0
No,0,53,26,No,0,Yes,1,No,0,0,Yes,1,1,0
No,0,51,90,Yes,1,No,0,Fiber optic,1,0,Yes,1,1,0
No,0,43,24,No,0,Yes,1,No,0,0,Yes,1,1,0
Yes,1,1,21,No,0,No,0,No,0,0,Yes,1,1,0
No,0,55,90,No,0,No,0,Fiber optic,1,0,Yes,1,1,0
No,0,66,75,Yes,1,Yes,1,DSL,0,1,Yes,1,1,0
No,0,26,48,No,0,No,0,DSL,0,1,No,0,1,0
No,0,46,81,No,0,Yes,1,DSL,0,1,Yes,1,1,0
Yes,1,11,44,Yes,1,No,0,DSL,0,1,Yes,1,1,0
No,0,1,60,Yes,1,Yes,1,DSL,0,1,Yes,1,1,0
No,0,51,86,No,0,Yes,1,DSL,0,1,Yes,1,1,0
No,0,9,76,No,0,No,0,Fiber optic,1,0,Yes,1,1,0
No,0,48,80,No,0,Yes,1,DSL,0,1,Yes,1,1,0
No,0,29,76,No,0,Yes,1,DSL,0,1,Yes,1,1,0
No,0,27,102,Yes,1,No,0,Fiber optic,1,0,Yes,1,1,0
Yes,1,22,54,Yes,1,No,0,DSL,0,1,Yes,1,1,0
No,0,47,104,Yes,1,No,0,Fiber optic,1,0,Yes,1,1,0
No,0,28,70,Yes,1,Yes,1,Fiber optic,1,0,Yes,1,1,0
No,0,65,100,Yes,1,No,0,Fiber optic,1,0,Yes,1,1,0
No,0,60,79,Yes,1,No,0,Fiber optic,1,0,Yes,1,1,0
No,0,62,69,No,0,No,0,DSL,0,1,Yes,1,1,0
No,0,56,89,No,0,Yes,1,Fiber optic,1,0,Yes,1,1,0
No,0,24,50,Yes,1,No,0,DSL,0,1,Yes,1,1,0
No,0,7,50,Yes,1,No,0,DSL,0,1,Yes,1,1,0
No,0,4,20,No,0,Yes,1,No,0,0,Yes,1,1,0
Yes,1,1,86,Yes,1,No,0,Fiber optic,1,0,Yes,1,1,0
No,0,48,104,Yes,1,No,0,Fiber optic,1,0,Yes,1,1,0
No,0,62,92,Yes,1,No,0,Fiber optic,1,0,Yes,1,1,0
No,0,43,91,Yes,1,Yes,1,Fiber optic,1,0,Yes,1,1,0
No,0,26,20,Yes,1,No,0,No,0,0,Yes,1,1,0
No,0,53,111,No,0,No,0,Fiber optic,1,0,Yes,1,1,0
No,0,1,20,No,0,No,0,No,0,0,Yes,1,1,0
Yes,1,33,83,Yes,1,No,0,Fiber optic,1,0,Yes,1,1,0
No,0,26,20,Yes,1,Yes,1,No,0,0,Yes,1,1,0
Yes,1,31,104,Yes,1,Yes,1,Fiber optic,1,0,Yes,1,1,0
No,0,9,65,No,0,No,0,DSL,0,1,Yes,1,1,0
No,0,61,98,Yes,1,No,0,Fiber optic,1,0,Yes,1,1,0
No,0,60,99,Yes,1,No,0,Fiber optic,1,0,Yes,1,1,0
Yes,1,12,96,Yes,1,No,0,Fiber optic,1,0,Yes,1,1,0
No,0,63,80,Yes,1,No,0,DSL,0,1,Yes,1,1,0
Yes,1,3,25,No,0,No,0,DSL,0,1,No,0,1,0
No,0,25,106,Yes,1,No,0,Fiber optic,1,0,Yes,1,1,0
Yes,1,33,104,Yes,1,No,0,Fiber optic,1,0,Yes,1,1,0
Yes,1,49,96,Yes,1,No,0,Fiber optic,1,0,Yes,1,1,0
No,0,11,111,Yes,1,No,0,Fiber optic,1,0,Yes,1,1,0
Yes,1,3,35,Yes,1,No,0,DSL,0,1,No,0,1,0
Yes,1,2,75,No,0,No,0,Fiber optic,1,0,Yes,1,1,0
No,0,18,84,No,0,No,0,Fiber optic,1,0,Yes,1,1,0
No,0,62,104,Yes,1,Yes,1,Fiber optic,1,0,Yes,1,1,0
No,0,63,98,No,0,No,0,Fiber optic,1,0,Yes,1,1,0
No,0,3,45,No,0,No,0,DSL,0,1,Yes,1,1,0
No,0,72,25,Yes,1,Yes,1,No,0,0,Yes,1,1,0
Yes,1,5,91,Yes,1,No,0,Fiber optic,1,0,Yes,1,1,0
No,0,45,21,No,0,Yes,1,No,0,0,Yes,1,1,0
Yes,1,58,102,Yes,1,No,0,Fiber optic,1,0,Yes,1,1,0
No,0,47,74,No,0,No,0,DSL,0,1,Yes,1,1,0
No,0,47,85,Yes,1,Yes,1,DSL,0,1,Yes,1,1,0
No,0,7,65,Yes,1,No,0,DSL,0,1,Yes,1,1,0
No,0,69,20,No,0,No,0,No,0,0,Yes,1,1,0
No,0,68,80,Yes,1,No,0,DSL,0,1,Yes,1,1,0
Yes,1,20,94,Yes,1,No,0,Fiber optic,1,0,Yes,1,1,0
No,0,67,25,Yes,1,No,0,No,0,0,Yes,1,1,0
Yes,1,3,74,Yes,1,No,0,Fiber optic,1,0,Yes,1,1,0
No,0,1,26,No,0,No,0,DSL,0,1,No,0,1,0
No,0,38,20,No,0,No,0,No,0,0,Yes,1,1,0
No,0,5,83,Yes,1,No,0,Fiber optic,1,0,Yes,1,1,0
Yes,1,61,94,Yes,1,No,0,Fiber optic,1,0,Yes,1,1,0
Yes,1,60,106,Yes,1,No,0,Fiber optic,1,0,Yes,1,1,0
No,0,25,19,No,0,No,0,No,0,0,Yes,1,1,0
No,0,1,71,Yes,1,No,0,Fiber optic,1,0,Yes,1,1,0
Yes,1,9,55,No,0,No,0,DSL,0,1,Yes,1,1,0
Yes,1,13,49,Yes,1,No,0,DSL,0,1,No,0,1,0
Yes,1,2,50,Yes,1,No,0,DSL,0,1,Yes,1,1,0
No,0,33,55,Yes,1,No,0,DSL,0,1,Yes,1,1,0
Yes,1,19,96,Yes,1,No,0,Fiber optic,1,0,Yes,1,1,0
Yes,1,6,56,No,0,No,0,DSL,0,1,Yes,1,1,0
No,0,72,106,Yes,1,No,0,Fiber optic,1,0,Yes,1,1,0
Yes,1,1,71,No,0,No,0,Fiber optic,1,0,Yes,1,1,0
No,0,3,95,No,0,No,0,Fiber optic,1,0,Yes,1,1,0
No,0,5,97,No,0,No,0,Fiber optic,1,0,Yes,1,1,0
No,0,63,90,Yes,1,No,0,Fiber optic,1,0,Yes,1,1,0
No,0,72,106,Yes,1,Yes,1,Fiber optic,1,0,Yes,1,1,0
Yes,1,19,95,Yes,1,No,0,Fiber optic,1,0,Yes,1,1,0
No,0,53,61,Yes,1,No,0,DSL,0,1,Yes,1,1,0
No,0,72,90,Yes,1,Yes,1,DSL,0,1,Yes,1,1,0
No,0,12,20,No,0,No,0,No,0,0,Yes,1,1,0
No,0,58,100,Yes,1,No,0,Fiber optic,1,0,Yes,1,1,0
No,0,22,26,No,0,No,0,No,0,0,Yes,1,1,0
Yes,1,38,84,Yes,1,No,0,Fiber optic,1,0,Yes,1,1,0
Yes,1,1,31,No,0,Yes,1,DSL,0,1,No,0,1,0
No,0,70,25,No,0,No,0,No,0,0,Yes,1,1,0
No,0,1,50,Yes,1,Yes,1,DSL,0,1,Yes,1,1,0
No,0,26,66,Yes,1,No,0,DSL,0,1,Yes,1,1,0
Yes,1,65,72,No,0,Yes,1,DSL,0,1,Yes,1,1,0
No,0,19,76,Yes,1,Yes,1,DSL,0,1,Yes,1,1,0
No,0,24,20,No,0,No,0,No,0,0,Yes,1,1,0
No,0,71,81,Yes,1,No,0,DSL,0,1,Yes,1,1,0
No,0,53,79,Yes,1,Yes,1,DSL,0,1,Yes,1,1,0
No,0,60,89,No,0,No,0,Fiber optic,1,0,Yes,1,1,0
No,0,36,79,Yes,1,No,0,DSL,0,1,Yes,1,1,0
No,0,27,66,No,0,Yes,1,DSL,0,1,Yes,1,1,0
No,0,60,110,Yes,1,No,0,Fiber optic,1,0,Yes,1,1,0
No,0,7,75,Yes,1,No,0,Fiber optic,1,0,Yes,1,1,0
No,0,68,111,Yes,1,No,0,Fiber optic,1,0,Yes,1,1,0
No,0,5,21,No,0,Yes,1,No,0,0,Yes,1,1,0
No,0,40,75,Yes,1,Yes,1,DSL,0,1,Yes,1,1,0
No,0,1,21,No,0,No,0,No,0,0,Yes,1,1,0
No,0,49,62,No,0,Yes,1,DSL,0,1,Yes,1,1,0
No,0,56,60,Yes,1,No,0,DSL,0,1,Yes,1,1,0
No,0,43,94,Yes,1,No,0,Fiber optic,1,0,Yes,1,1,0
No,0,10,20,Yes,1,No,0,No,0,0,Yes,1,1,0
No,0,18,56,No,0,No,0,DSL,0,1,Yes,1,1,0
No,0,48,20,No,0,Yes,1,No,0,0,Yes,1,1,0
No,0,44,54,Yes,1,No,0,DSL,0,1,No,0,1,0
Yes,1,12,45,Yes,1,No,0,DSL,0,1,Yes,1,1,0
No,0,13,75,Yes,1,No,0,Fiber optic,1,0,Yes,1,1,0
Yes,1,1,79,Yes,1,No,0,Fiber optic,1,0,Yes,1,1,0
No,0,63,25,No,0,Yes,1,No,0,0,Yes,1,1,0
Yes,1,37,107,Yes,1,No,0,Fiber optic,1,0,Yes,1,1,0
No,0,22,95,Yes,1,No,0,Fiber optic,1,0,Yes,1,1,0
No,0,72,108,Yes,1,No,0,Fiber optic,1,0,Yes,1,1,0
No,0,52,44,No,0,Yes,1,DSL,0,1,No,0,1,0
Yes,1,1,20,No,0,No,0,No,0,0,Yes,1,1,0
No,0,69,82,Yes,1,No,0,DSL,0,1,Yes,1,1,0
No,0,12,51,Yes,1,No,0,DSL,0,1,No,0,1,0
Yes,1,1,70,Yes,1,No,0,Fiber optic,1,0,Yes,1,1,0
No,0,22,20,Yes,1,No,0,No,0,0,Yes,1,1,0
No,0,33,66,Yes,1,No,0,DSL,0,1,Yes,1,1,0
No,0,14,76,No,0,No,0,Fiber optic,1,0,Yes,1,1,0
No,0,72,72,No,0,Yes,1,DSL,0,1,Yes,1,1,0
No,0,44,112,Yes,1,No,0,Fiber optic,1,0,Yes,1,1,0
No,0,24,34,No,0,No,0,DSL,0,1,No,0,1,0
No,0,37,72,Yes,1,No,0,Fiber optic,1,0,Yes,1,1,0
No,0,72,113,No,0,No,0,Fiber optic,1,0,Yes,1,1,0
No,0,56,91,No,0,No,0,Fiber optic,1,0,Yes,1,1,0
No,0,15,39,Yes,1,No,0,DSL,0,1,No,0,1,0
No,0,30,66,No,0,Yes,1,DSL,0,1,Yes,1,1,0
No,0,36,95,Yes,1,Yes,1,Fiber optic,1,0,Yes,1,1,0
Yes,1,2,80,Yes,1,No,0,Fiber optic,1,0,Yes,1,1,0
No,0,31,49,Yes,1,No,0,DSL,0,1,Yes,1,1,0
No,0,64,20,Yes,1,Yes,1,No,0,0,Yes,1,1,0
Yes,1,34,110,Yes,1,No,0,Fiber optic,1,0,Yes,1,1,0
No,0,7,79,Yes,1,No,0,Fiber optic,1,0,Yes,1,1,0
No,0,25,48,Yes,1,No,0,DSL,0,1,No,0,1,0
No,0,45,100,Yes,1,No,0,Fiber optic,1,0,Yes,1,1,0
Yes,1,52,84,No,0,No,0,Fiber optic,1,0,Yes,1,1,0
No,0,70,106,Yes,1,Yes,1,Fiber optic,1,0,Yes,1,1,0
No,0,12,51,Yes,1,No,0,DSL,0,1,Yes,1,1,0
No,0,63,108,No,0,No,0,Fiber optic,1,0,Yes,1,1,0
Yes,1,24,90,Yes,1,No,0,Fiber optic,1,0,Yes,1,1,0
No,0,61,81,Yes,1,No,0,DSL,0,1,Yes,1,1,0
No,0,1,35,No,0,No,0,DSL,0,1,No,0,1,0
No,0,4,80,Yes,1,No,0,Fiber optic,1,0,Yes,1,1,0
No,0,71,87,No,0,Yes,1,DSL,0,1,Yes,1,1,0
No,0,37,105,Yes,1,No,0,Fiber optic,1,0,Yes,1,1,0
Yes,1,25,106,No,0,No,0,Fiber optic,1,0,Yes,1,1,0
No,0,9,60,No,0,No,0,DSL,0,1,Yes,1,1,0
No,0,31,82,No,0,No,0,Fiber optic,1,0,Yes,1,1,0
Yes,1,46,95,No,0,No,0,Fiber optic,1,0,Yes,1,1,0
No,0,4,20,No,0,No,0,No,0,0,Yes,1,1,0
No,0,36,54,No,0,No,0,DSL,0,1,Yes,1,1,0
No,0,1,76,Yes,1,No,0,DSL,0,1,Yes,1,1,0
No,0,22,65,No,0,No,0,DSL,0,1,Yes,1,1,0
No,0,23,20,No,0,No,0,No,0,0,Yes,1,1,0
Yes,1,72,118,Yes,1,No,0,Fiber optic,1,0,Yes,1,1,0
No,0,29,69,No,0,Yes,1,DSL,0,1,Yes,1,1,0
No,0,5,69,Yes,1,No,0,Fiber optic,1,0,Yes,1,1,0
No,0,5,80,No,0,No,0,Fiber optic,1,0,Yes,1,1,0
Yes,1,65,109,Yes,1,No,0,Fiber optic,1,0,Yes,1,1,0
No,0,35,40,Yes,1,No,0,DSL,0,1,No,0,1,0
No,0,70,98,Yes,1,Yes,1,Fiber optic,1,0,Yes,1,1,0
No,0,39,54,Yes,1,No,0,DSL,0,1,Yes,1,1,0
No,0,2,20,No,0,No,0,No,0,0,Yes,1,1,0
Yes,1,2,55,Yes,1,No,0,DSL,0,1,Yes,1,1,0
No,0,54,116,Yes,1,No,0,Fiber optic,1,0,Yes,1,1,0
Yes,1,1,71,Yes,1,Yes,1,Fiber optic,1,0,Yes,1,1,0
Yes,1,28,101,Yes,1,No,0,Fiber optic,1,0,Yes,1,1,0
No,0,1,20,No,0,No,0,No,0,0,Yes,1,1,0
No,0,30,94,Yes,1,No,0,Fiber optic,1,0,Yes,1,1,0
Yes,1,37,65,Yes,1,No,0,DSL,0,1,Yes,1,1,0
No,0,1,50,Yes,1,Yes,1,DSL,0,1,Yes,1,1,0
No,0,6,19,No,0,No,0,No,0,0,Yes,1,1,0
No,0,64,115,Yes,1,No,0,Fiber optic,1,0,Yes,1,1,0
No,0,33,25,Yes,1,No,0,No,0,0,Yes,1,1,0
No,0,40,26,Yes,1,Yes,1,No,0,0,Yes,1,1,0
No,0,13,20,No,0,No,0,No,0,0,Yes,1,1,0
No,0,5,76,No,0,No,0,Fiber optic,1,0,Yes,1,1,0
No,0,5,89,Yes,1,No,0,Fiber optic,1,0,Yes,1,1,0
No,0,72,86,Yes,1,No,0,DSL,0,1,Yes,1,1,0
No,0,47,20,No,0,Yes,1,No,0,0,Yes,1,1,0
No,0,15,96,No,0,No,0,Fiber optic,1,0,Yes,1,1,0
No,0,43,26,Yes,1,No,0,No,0,0,Yes,1,1,0
No,0,39,25,No,0,Yes,1,No,0,0,Yes,1,1,0
No,0,19,25,Yes,1,No,0,DSL,0,1,No,0,1,0
No,0,72,81,Yes,1,Yes,1,DSL,0,1,Yes,1,1,0
No,0,48,61,Yes,1,No,0,DSL,0,1,Yes,1,1,0
No,0,14,20,No,0,No,0,No,0,0,Yes,1,1,0
No,0,25,75,Yes,1,No,0,Fiber optic,1,0,Yes,1,1,0
Yes,1,53,54,Yes,1,No,0,DSL,0,1,No,0,1,0
Yes,1,3,98,Yes,1,No,0,Fiber optic,1,0,Yes,1,1,0
Yes,1,1,84,No,0,No,0,Fiber optic,1,0,Yes,1,1,0
No,0,48,108,Yes,1,No,0,Fiber optic,1,0,Yes,1,1,0
Yes,1,48,103,Yes,1,Yes,1,Fiber optic,1,0,Yes,1,1,0
No,0,12,20,No,0,No,0,No,0,0,Yes,1,1,0
No,0,56,86,Yes,1,Yes,1,Fiber optic,1,0,Yes,1,1,0
No,0,23,20,Yes,1,Yes,1,No,0,0,Yes,1,1,0
No,0,25,76,Yes,1,No,0,DSL,0,1,Yes,1,1,0
No,0,50,19,No,0,No,0,No,0,0,Yes,1,1,0
No,0,4,45,No,0,No,0,DSL,0,1,Yes,1,1,0
No,0,24,21,Yes,1,Yes,1,No,0,0,Yes,1,1,0
No,0,55,90,Yes,1,Yes,1,Fiber optic,1,0,Yes,1,1,0
No,0,69,105,Yes,1,Yes,1,Fiber optic,1,0,Yes,1,1,0
Yes,1,9,96,Yes,1,No,0,Fiber optic,1,0,Yes,1,1,0
No,0,60,74,No,0,Yes,1,Fiber optic,1,0,Yes,1,1,0
No,0,7,35,No,0,No,0,DSL,0,1,No,0,1,0
No,0,64,99,Yes,1,Yes,1,Fiber optic,1,0,Yes,1,1,0
No,0,29,90,No,0,No,0,Fiber optic,1,0,Yes,1,1,0
No,0,1,50,No,0,No,0,DSL,0,1,Yes,1,1,0
No,0,30,84,Yes,1,Yes,1,Fiber optic,1,0,Yes,1,1,0
No,0,31,60,No,0,Yes,1,DSL,0,1,Yes,1,1,0
No,0,8,59,Yes,1,No,0,DSL,0,1,Yes,1,1,0
No,0,23,100,Yes,1,No,0,Fiber optic,1,0,Yes,1,1,0
No,0,20,94,No,0,Yes,1,Fiber optic,1,0,Yes,1,1,0
No,0,71,67,Yes,1,Yes,1,DSL,0,1,Yes,1,1,0
No,0,30,91,Yes,1,No,0,Fiber optic,1,0,Yes,1,1,0
No,0,63,84,Yes,1,No,0,DSL,0,1,Yes,1,1,0
No,0,6,20,No,0,No,0,No,0,0,Yes,1,1,0
No,0,64,111,Yes,1,No,0,Fiber optic,1,0,Yes,1,1,0
No,0,58,24,Yes,1,No,0,No,0,0,Yes,1,1,0
No,0,1,48,Yes,1,No,0,DSL,0,1,Yes,1,1,0
No,0,21,20,No,0,Yes,1,No,0,0,Yes,1,1,0
Yes,1,1,20,No,0,Yes,1,No,0,0,Yes,1,1,0
Yes,1,3,55,Yes,1,Yes,1,DSL,0,1,Yes,1,1,0
No,0,3,19,No,0,Yes,1,No,0,0,Yes,1,1,0
No,0,35,20,No,0,Yes,1,No,0,0,Yes,1,1,0
No,0,3,75,Yes,1,No,0,Fiber optic,1,0,Yes,1,1,0
No,0,60,79,No,0,No,0,DSL,0,1,Yes,1,1,0
No,0,72,20,No,0,Yes,1,No,0,0,Yes,1,1,0
No,0,58,80,Yes,1,No,0,Fiber optic,1,0,Yes,1,1,0
Yes,1,15,76,No,0,No,0,Fiber optic,1,0,Yes,1,1,0
No,0,32,79,Yes,1,No,0,Fiber optic,1,0,Yes,1,1,0
No,0,1,20,Yes,1,Yes,1,No,0,0,Yes,1,1,0
No,0,31,91,Yes,1,No,0,Fiber optic,1,0,Yes,1,1,0
Yes,1,1,79,Yes,1,No,0,Fiber optic,1,0,Yes,1,1,0
No,0,72,90,Yes,1,No,0,DSL,0,1,Yes,1,1,0
No,0,8,75,Yes,1,No,0,Fiber optic,1,0,Yes,1,1,0
No,0,16,74,Yes,1,No,0,Fiber optic,1,0,Yes,1,1,0
No,0,1,24,No,0,Yes,1,DSL,0,1,No,0,1,0
No,0,2,70,No,0,No,0,Fiber optic,1,0,Yes,1,1,0
No,0,27,49,No,0,No,0,DSL,0,1,Yes,1,1,0
No,0,72,89,Yes,1,No,0,DSL,0,1,Yes,1,1,0
No,0,69,20,Yes,1,Yes,1,No,0,0,Yes,1,1,0
No,0,9,76,Yes,1,Yes,1,Fiber optic,1,0,Yes,1,1,0
No,0,47,54,No,0,Yes,1,DSL,0,1,Yes,1,1,0
Yes,1,6,105,Yes,1,No,0,Fiber optic,1,0,Yes,1,1,0
Yes,1,24,91,Yes,1,No,0,Fiber optic,1,0,Yes,1,1,0
No,0,61,86,Yes,1,No,0,Fiber optic,1,0,Yes,1,1,0
Yes,1,5,70,Yes,1,No,0,DSL,0,1,Yes,1,1,0
Yes,1,2,55,Yes,1,No,0,DSL,0,1,Yes,1,1,0
No,0,72,25,No,0,No,0,No,0,0,Yes,1,1,0
No,0,22,55,Yes,1,No,0,DSL,0,1,Yes,1,1,0
No,0,18,25,Yes,1,Yes,1,No,0,0,Yes,1,1,0
Yes,1,1,56,Yes,1,No,0,DSL,0,1,Yes,1,1,0
No,0,54,24,Yes,1,Yes,1,No,0,0,Yes,1,1,0
Yes,1,2,44,Yes,1,No,0,DSL,0,1,Yes,1,1,0
No,0,72,113,Yes,1,No,0,Fiber optic,1,0,Yes,1,1,0
Yes,1,19,55,Yes,1,No,0,DSL,0,1,Yes,1,1,0
Yes,1,61,104,Yes,1,No,0,Fiber optic,1,0,Yes,1,1,0
No,0,29,90,No,0,No,0,Fiber optic,1,0,Yes,1,1,0
No,0,57,19,No,0,No,0,No,0,0,Yes,1,1,0
No,0,72,85,No,0,Yes,1,DSL,0,1,Yes,1,1,0
No,0,22,21,Yes,1,Yes,1,No,0,0,Yes,1,1,0
Yes,1,25,59,Yes,1,Yes,1,DSL,0,1,No,0,1,0
Yes,1,6,74,No,0,No,0,Fiber optic,1,0,Yes,1,1,0
No,0,43,85,No,0,No,0,DSL,0,1,Yes,1,1,0
Yes,1,16,88,Yes,1,No,0,Fiber optic,1,0,Yes,1,1,0
No,0,51,81,Yes,1,No,0,DSL,0,1,Yes,1,1,0
Yes,1,47,111,Yes,1,No,0,Fiber optic,1,0,Yes,1,1,0
No,0,69,91,No,0,No,0,DSL,0,1,Yes,1,1,0
Yes,1,5,43,Yes,1,No,0,DSL,0,1,No,0,1,0
No,0,2,51,No,0,No,0,DSL,0,1,No,0,1,0
No,0,28,54,No,0,No,0,DSL,0,1,Yes,1,1,0
No,0,35,69,Yes,1,No,0,DSL,0,1,Yes,1,1,0
Yes,1,25,103,Yes,1,No,0,Fiber optic,1,0,Yes,1,1,0
No,0,72,67,No,0,Yes,1,DSL,0,1,No,0,1,0
Yes,1,11,77,Yes,1,No,0,Fiber optic,1,0,Yes,1,1,0
No,0,48,25,No,0,No,0,No,0,0,Yes,1,1,0
Yes,1,1,71,Yes,1,No,0,Fiber optic,1,0,Yes,1,1,0
No,0,58,20,No,0,Yes,1,No,0,0,Yes,1,1,0
No,0,67,55,No,0,No,0,DSL,0,1,Yes,1,1,0
No,0,18,25,No,0,Yes,1,No,0,0,Yes,1,1,0
No,0,4,21,Yes,1,Yes,1,No,0,0,Yes,1,1,0
No,0,27,20,No,0,No,0,No,0,0,Yes,1,1,0
No,0,72,110,Yes,1,No,0,Fiber optic,1,0,Yes,1,1,0
No,0,35,73,Yes,1,No,0,DSL,0,1,Yes,1,1,0
No,0,1,20,Yes,1,No,0,No,0,0,Yes,1,1,0
Yes,1,49,84,No,0,No,0,DSL,0,1,Yes,1,1,0
No,0,48,56,No,0,No,0,DSL,0,1,Yes,1,1,0
No,0,28,30,Yes,1,No,0,DSL,0,1,No,0,1,0
Yes,1,4,34,Yes,1,No,0,DSL,0,1,No,0,1,0
No,0,32,19,Yes,1,Yes,1,No,0,0,Yes,1,1,0
No,0,33,79,Yes,1,Yes,1,DSL,0,1,Yes,1,1,0
Yes,1,1,89,Yes,1,No,0,Fiber optic,1,0,Yes,1,1,0
No,0,70,20,Yes,1,No,0,No,0,0,Yes,1,1,0
No,0,67,104,Yes,1,Yes,1,Fiber optic,1,0,Yes,1,1,0
No,0,51,24,Yes,1,Yes,1,No,0,0,Yes,1,1,0
No,0,25,20,No,0,Yes,1,No,0,0,Yes,1,1,0
Yes,1,2,45,Yes,1,No,0,DSL,0,1,Yes,1,1,0
Yes,1,22,101,Yes,1,No,0,Fiber optic,1,0,Yes,1,1,0
No,0,38,101,No,0,Yes,1,Fiber optic,1,0,Yes,1,1,0
No,0,23,86,No,0,Yes,1,Fiber optic,1,0,Yes,1,1,0
No,0,11,64,No,0,No,0,DSL,0,1,Yes,1,1,0
No,0,43,75,Yes,1,No,0,Fiber optic,1,0,Yes,1,1,0
No,0,71,66,Yes,1,Yes,1,DSL,0,1,Yes,1,1,0
Yes,1,3,84,No,0,No,0,Fiber optic,1,0,Yes,1,1,0
No,0,31,81,No,0,Yes,1,DSL,0,1,Yes,1,1,0
Yes,1,2,30,No,0,No,0,DSL,0,1,No,0,1,0
No,0,1,19,No,0,No,0,No,0,0,Yes,1,1,0
No,0,38,95,Yes,1,Yes,1,Fiber optic,1,0,Yes,1,1,0
No,0,56,52,Yes,1,Yes,1,DSL,0,1,No,0,1,0
No,0,5,24,Yes,1,Yes,1,No,0,0,Yes,1,1,0
No,0,72,65,Yes,1,No,0,DSL,0,1,No,0,1,0
No,0,71,113,Yes,1,No,0,Fiber optic,1,0,Yes,1,1,0
Yes,1,22,90,Yes,1,No,0,Fiber optic,1,0,Yes,1,1,0
No,0,44,62,Yes,1,Yes,1,DSL,0,1,Yes,1,1,0
Yes,1,1,56,Yes,1,No,0,DSL,0,1,Yes,1,1,0
Yes,1,17,90,No,0,No,0,Fiber optic,1,0,Yes,1,1,0
Yes,1,47,85,Yes,1,No,0,Fiber optic,1,0,Yes,1,1,0
No,0,69,107,Yes,1,No,0,Fiber optic,1,0,Yes,1,1,0
Yes,1,11,75,No,0,No,0,Fiber optic,1,0,Yes,1,1,0
No,0,9,75,Yes,1,No,0,Fiber optic,1,0,Yes,1,1,0
No,0,72,108,Yes,1,No,0,Fiber optic,1,0,Yes,1,1,0
No,0,26,82,No,0,Yes,1,Fiber optic,1,0,Yes,1,1,0
Yes,1,4,94,Yes,1,No,0,Fiber optic,1,0,Yes,1,1,0
No,0,31,20,No,0,No,0,No,0,0,Yes,1,1,0
No,0,21,59,Yes,1,Yes,1,DSL,0,1,Yes,1,1,0
No,0,44,95,Yes,1,No,0,Fiber optic,1,0,Yes,1,1,0
No,0,19,79,Yes,1,No,0,Fiber optic,1,0,Yes,1,1,0
Yes,1,24,56,Yes,1,No,0,DSL,0,1,Yes,1,1,0
No,0,2,52,No,0,Yes,1,DSL,0,1,Yes,1,1,0
No,0,26,56,Yes,1,No,0,DSL,0,1,Yes,1,1,0
Yes,1,1,59,No,0,Yes,1,DSL,0,1,Yes,1,1,0
No,0,67,44,No,0,No,0,DSL,0,1,No,0,1,0
Yes,1,47,100,Yes,1,No,0,Fiber optic,1,0,Yes,1,1,0
No,0,56,45,Yes,1,No,0,DSL,0,1,No,0,1,0
No,0,54,90,No,0,No,0,Fiber optic,1,0,Yes,1,1,0
No,0,4,49,No,0,No,0,DSL,0,1,Yes,1,1,0
Yes,1,23,106,Yes,1,No,0,Fiber optic,1,0,Yes,1,1,0
No,0,14,70,No,0,Yes,1,Fiber optic,1,0,Yes,1,1,0
No,0,9,70,Yes,1,No,0,DSL,0,1,Yes,1,1,0
No,0,3,81,Yes,1,No,0,Fiber optic,1,0,Yes,1,1,0
No,0,53,25,No,0,No,0,No,0,0,Yes,1,1,0
No,0,63,72,Yes,1,No,0,DSL,0,1,Yes,1,1,0
No,0,18,25,No,0,No,0,DSL,0,1,No,0,1,0
No,0,20,69,Yes,1,No,0,DSL,0,1,Yes,1,1,0
No,0,22,58,Yes,1,Yes,1,DSL,0,1,Yes,1,1,0
No,0,68,21,No,0,No,0,No,0,0,Yes,1,1,0
No,0,62,85,No,0,No,0,DSL,0,1,Yes,1,1,0
No,0,2,61,No,0,No,0,DSL,0,1,Yes,1,1,0
No,0,7,70,Yes,1,No,0,Fiber optic,1,0,Yes,1,1,0
Yes,1,41,112,Yes,1,Yes,1,Fiber optic,1,0,Yes,1,1,0
No,0,52,96,Yes,1,Yes,1,Fiber optic,1,0,Yes,1,1,0
Yes,1,55,100,Yes,1,No,0,Fiber optic,1,0,Yes,1,1,0
No,0,7,49,No,0,Yes,1,DSL,0,1,Yes,1,1,0
Yes,1,1,89,Yes,1,No,0,Fiber optic,1,0,Yes,1,1,0
No,0,33,24,No,0,Yes,1,No,0,0,Yes,1,1,0
No,0,51,95,Yes,1,Yes,1,Fiber optic,1,0,Yes,1,1,0
Yes,1,5,70,No,0,No,0,Fiber optic,1,0,Yes,1,1,0
Yes,1,3,20,Yes,1,No,0,No,0,0,Yes,1,1,0
Yes,1,7,35,Yes,1,Yes,1,DSL,0,1,No,0,1,0
No,0,7,69,Yes,1,No,0,Fiber optic,1,0,Yes,1,1,0
No,0,13,68,No,0,No,0,DSL,0,1,Yes,1,1,0
No,0,55,74,Yes,1,No,0,Fiber optic,1,0,Yes,1,1,0
No,0,3,108,Yes,1,No,0,Fiber optic,1,0,Yes,1,1,0
Yes,1,17,100,Yes,1,No,0,Fiber optic,1,0,Yes,1,1,0
No,0,5,51,No,0,No,0,DSL,0,1,Yes,1,1,0
No,0,5,51,Yes,1,Yes,1,DSL,0,1,Yes,1,1,0
No,0,52,106,Yes,1,No,0,Fiber optic,1,0,Yes,1,1,0
No,0,62,20,No,0,Yes,1,No,0,0,Yes,1,1,0
Yes,1,45,63,No,0,No,0,DSL,0,1,Yes,1,1,0
No,0,64,109,Yes,1,No,0,Fiber optic,1,0,Yes,1,1,0
No,0,66,55,No,0,Yes,1,DSL,0,1,No,0,1,0
No,0,3,45,No,0,No,0,DSL,0,1,Yes,1,1,0
No,0,1,25,Yes,1,Yes,1,DSL,0,1,No,0,1,0
Yes,1,1,25,No,0,No,0,DSL,0,1,No,0,1,0
No,0,12,54,Yes,1,No,0,DSL,0,1,Yes,1,1,0
Yes,1,1,46,No,0,No,0,DSL,0,1,Yes,1,1,0
No,0,45,79,No,0,No,0,DSL,0,1,Yes,1,1,0
No,0,3,20,No,0,No,0,No,0,0,Yes,1,1,0
No,0,12,20,No,0,No,0,No,0,0,Yes,1,1,0
No,0,10,45,No,0,No,0,DSL,0,1,Yes,1,1,0
No,0,18,86,Yes,1,Yes,1,Fiber optic,1,0,Yes,1,1,0
No,0,25,79,Yes,1,No,0,DSL,0,1,Yes,1,1,0
Yes,1,29,96,Yes,1,No,0,Fiber optic,1,0,Yes,1,1,0
No,0,71,25,No,0,Yes,1,No,0,0,Yes,1,1,0
Yes,1,1,80,Yes,1,No,0,Fiber optic,1,0,Yes,1,1,0
No,0,5,66,Yes,1,No,0,DSL,0,1,Yes,1,1,0
No,0,44,106,Yes,1,No,0,Fiber optic,1,0,Yes,1,1,0
Yes,1,3,34,No,0,No,0,DSL,0,1,No,0,1,0
No,0,1,20,No,0,No,0,No,0,0,Yes,1,1,0
Yes,1,42,34,No,0,No,0,DSL,0,1,No,0,1,0
No,0,35,55,No,0,No,0,DSL,0,1,Yes,1,1,0
No,0,63,80,Yes,1,No,0,DSL,0,1,Yes,1,1,0
No,0,2,64,Yes,1,No,0,DSL,0,1,Yes,1,1,0
No,0,50,70,Yes,1,Yes,1,DSL,0,1,Yes,1,1,0
No,0,4,29,Yes,1,No,0,DSL,0,1,No,0,1,0
No,0,1,71,Yes,1,No,0,Fiber optic,1,0,Yes,1,1,0
No,0,22,20,No,0,No,0,No,0,0,Yes,1,1,0
Yes,1,2,40,Yes,1,No,0,DSL,0,1,No,0,1,0
No,0,11,20,No,0,No,0,No,0,0,Yes,1,1,0
No,0,34,61,No,0,Yes,1,DSL,0,1,No,0,1,0
Yes,1,55,97,Yes,1,No,0,Fiber optic,1,0,Yes,1,1,0
Yes,1,3,64,Yes,1,No,0,DSL,0,1,Yes,1,1,0
No,0,3,70,Yes,1,No,0,Fiber optic,1,0,Yes,1,1,0
No,0,21,21,Yes,1,No,0,No,0,0,Yes,1,1,0
No,0,29,25,Yes,1,No,0,DSL,0,1,No,0,1,0
No,0,46,91,No,0,Yes,1,Fiber optic,1,0,Yes,1,1,0
No,0,20,64,Yes,1,No,0,DSL,0,1,Yes,1,1,0
No,0,17,20,No,0,No,0,No,0,0,Yes,1,1,0
No,0,70,74,No,0,Yes,1,DSL,0,1,Yes,1,1,0
No,0,27,101,No,0,Yes,1,Fiber optic,1,0,Yes,1,1,0
No,0,11,55,Yes,1,Yes,1,DSL,0,1,Yes,1,1,0
Yes,1,5,74,Yes,1,No,0,Fiber optic,1,0,Yes,1,1,0
Yes,1,10,99,No,0,No,0,Fiber optic,1,0,Yes,1,1,0
No,0,68,92,Yes,1,No,0,DSL,0,1,Yes,1,1,0
No,0,68,56,No,0,No,0,DSL,0,1,Yes,1,1,0
No,0,24,56,No,0,No,0,DSL,0,1,Yes,1,1,0
No,0,72,90,Yes,1,Yes,1,Fiber optic,1,0,Yes,1,1,0
No,0,49,72,No,0,No,0,DSL,0,1,Yes,1,1,0
Yes,1,54,104,Yes,1,No,0,Fiber optic,1,0,Yes,1,1,0
No,0,68,108,Yes,1,No,0,Fiber optic,1,0,Yes,1,1,0
No,0,10,26,No,0,No,0,No,0,0,Yes,1,1,0
No,0,69,109,Yes,1,Yes,1,Fiber optic,1,0,Yes,1,1,0
No,0,10,24,Yes,1,No,0,No,0,0,Yes,1,1,0
No,0,72,105,Yes,1,No,0,Fiber optic,1,0,Yes,1,1,0
Yes,1,14,87,Yes,1,Yes,1,Fiber optic,1,0,Yes,1,1,0
No,0,57,74,Yes,1,No,0,DSL,0,1,Yes,1,1,0
Yes,1,22,55,No,0,Yes,1,DSL,0,1,Yes,1,1,0
No,0,63,21,No,0,No,0,No,0,0,Yes,1,1,0
No,0,63,24,No,0,No,0,No,0,0,Yes,1,1,0
Yes,1,14,92,Yes,1,Yes,1,Fiber optic,1,0,Yes,1,1,0
No,0,6,59,No,0,No,0,DSL,0,1,Yes,1,1,0
Yes,1,40,79,Yes,1,No,0,Fiber optic,1,0,Yes,1,1,0
No,0,8,21,Yes,1,No,0,No,0,0,Yes,1,1,0
Yes,1,7,70,Yes,1,No,0,Fiber optic,1,0,Yes,1,1,0
Yes,1,2,90,No,0,No,0,Fiber optic,1,0,Yes,1,1,0
Yes,1,70,116,No,0,No,0,Fiber optic,1,0,Yes,1,1,0
No,0,2,20,Yes,1,No,0,No,0,0,Yes,1,1,0
No,0,72,111,Yes,1,No,0,Fiber optic,1,0,Yes,1,1,0
No,0,67,90,No,0,Yes,1,Fiber optic,1,0,Yes,1,1,0
No,0,1,19,No,0,Yes,1,No,0,0,Yes,1,1,0
No,0,1,50,No,0,No,0,DSL,0,1,Yes,1,1,0
No,0,2,20,No,0,No,0,No,0,0,Yes,1,1,0
No,0,18,58,Yes,1,No,0,DSL,0,1,Yes,1,1,0
No,0,29,20,No,0,No,0,No,0,0,Yes,1,1,0
No,0,64,89,No,0,No,0,Fiber optic,1,0,Yes,1,1,0
Yes,1,12,100,Yes,1,No,0,Fiber optic,1,0,Yes,1,1,0
No,0,60,104,Yes,1,Yes,1,Fiber optic,1,0,Yes,1,1,0
No,0,30,69,Yes,1,No,0,DSL,0,1,Yes,1,1,0
No,0,2,20,No,0,No,0,No,0,0,Yes,1,1,0
Yes,1,7,79,Yes,1,No,0,Fiber optic,1,0,Yes,1,1,0
No,0,29,80,No,0,Yes,1,DSL,0,1,Yes,1,1,0
Yes,1,1,60,Yes,1,Yes,1,DSL,0,1,Yes,1,1,0
No,0,2,50,Yes,1,No,0,DSL,0,1,Yes,1,1,0
Yes,1,53,95,Yes,1,No,0,Fiber optic,1,0,Yes,1,1,0
Yes,1,12,100,Yes,1,No,0,Fiber optic,1,0,Yes,1,1,0
No,0,22,20,No,0,Yes,1,No,0,0,Yes,1,1,0
Yes,1,4,74,Yes,1,Yes,1,Fiber optic,1,0,Yes,1,1,0
No,0,17,56,Yes,1,No,0,DSL,0,1,Yes,1,1,0
No,0,11,94,Yes,1,No,0,Fiber optic,1,0,Yes,1,1,0
No,0,7,100,Yes,1,No,0,Fiber optic,1,0,Yes,1,1,0
No,0,49,103,No,0,No,0,Fiber optic,1,0,Yes,1,1,0
No,0,71,87,No,0,Yes,1,DSL,0,1,Yes,1,1,0
No,0,44,60,Yes,1,No,0,DSL,0,1,Yes,1,1,0
Yes,1,8,101,No,0,No,0,Fiber optic,1,0,Yes,1,1,0
No,0,58,21,No,0,Yes,1,No,0,0,Yes,1,1,0
No,0,11,70,Yes,1,No,0,Fiber optic,1,0,Yes,1,1,0
No,0,49,36,Yes,1,Yes,1,DSL,0,1,No,0,1,0
Yes,1,34,74,Yes,1,No,0,Fiber optic,1,0,Yes,1,1,0
Yes,1,16,99,Yes,1,No,0,Fiber optic,1,0,Yes,1,1,0
No,0,70,108,Yes,1,Yes,1,Fiber optic,1,0,Yes,1,1,0
Yes,1,3,81,Yes,1,No,0,Fiber optic,1,0,Yes,1,1,0
No,0,60,111,Yes,1,Yes,1,Fiber optic,1,0,Yes,1,1,0
No,0,3,70,Yes,1,No,0,Fiber optic,1,0,Yes,1,1,0
Yes,1,25,80,Yes,1,No,0,Fiber optic,1,0,Yes,1,1,0
No,0,46,55,No,0,No,0,DSL,0,1,Yes,1,1,0
No,0,65,111,Yes,1,Yes,1,Fiber optic,1,0,Yes,1,1,0
Yes,1,25,71,No,0,No,0,Fiber optic,1,0,Yes,1,1,0
No,0,67,49,Yes,1,No,0,DSL,0,1,No,0,1,0
No,0,68,25,No,0,No,0,No,0,0,Yes,1,1,0
No,0,51,94,Yes,1,No,0,Fiber optic,1,0,Yes,1,1,0
No,0,14,78,Yes,1,No,0,Fiber optic,1,0,Yes,1,1,0
No,0,72,103,Yes,1,No,0,Fiber optic,1,0,Yes,1,1,0
No,0,7,45,No,0,Yes,1,DSL,0,1,Yes,1,1,0
No,0,6,79,No,0,No,0,DSL,0,1,Yes,1,1,0
Yes,1,1,49,No,0,Yes,1,DSL,0,1,Yes,1,1,0
No,0,29,88,Yes,1,Yes,1,Fiber optic,1,0,Yes,1,1,0
No,0,35,25,Yes,1,Yes,1,No,0,0,Yes,1,1,0
No,0,10,86,No,0,Yes,1,Fiber optic,1,0,Yes,1,1,0
Yes,1,1,80,No,0,No,0,Fiber optic,1,0,Yes,1,1,0
No,0,56,25,Yes,1,Yes,1,No,0,0,Yes,1,1,0
Yes,1,8,75,Yes,1,No,0,Fiber optic,1,0,Yes,1,1,0
No,0,39,41,No,0,No,0,DSL,0,1,No,0,1,0
No,0,58,90,Yes,1,Yes,1,Fiber optic,1,0,Yes,1,1,0
No,0,72,106,Yes,1,Yes,1,Fiber optic,1,0,Yes,1,1,0
No,0,30,84,Yes,1,No,0,Fiber optic,1,0,Yes,1,1,0
No,0,32,104,Yes,1,No,0,Fiber optic,1,0,Yes,1,1,0
No,0,59,66,No,0,Yes,1,DSL,0,1,Yes,1,1,0
No,0,8,20,No,0,No,0,No,0,0,Yes,1,1,0
No,0,65,84,Yes,1,Yes,1,DSL,0,1,Yes,1,1,0
No,0,58,65,Yes,1,No,0,DSL,0,1,Yes,1,1,0
No,0,38,85,Yes,1,Yes,1,DSL,0,1,Yes,1,1,0
No,0,9,20,No,0,Yes,1,No,0,0,Yes,1,1,0
No,0,41,20,Yes,1,No,0,No,0,0,Yes,1,1,0
Yes,1,19,100,No,0,Yes,1,Fiber optic,1,0,Yes,1,1,0
No,0,10,95,Yes,1,No,0,Fiber optic,1,0,Yes,1,1,0
No,0,13,20,Yes,1,No,0,No,0,0,Yes,1,1,0
Yes,1,35,86,Yes,1,No,0,Fiber optic,1,0,Yes,1,1,0
Yes,1,71,94,Yes,1,No,0,Fiber optic,1,0,Yes,1,1,0
No,0,70,114,Yes,1,No,0,Fiber optic,1,0,Yes,1,1,0
No,0,55,90,Yes,1,No,0,DSL,0,1,Yes,1,1,0
No,0,42,21,No,0,Yes,1,No,0,0,Yes,1,1,0
Yes,1,7,85,Yes,1,No,0,Fiber optic,1,0,Yes,1,1,0
No,0,30,95,Yes,1,No,0,Fiber optic,1,0,Yes,1,1,0
No,0,71,100,Yes,1,No,0,Fiber optic,1,0,Yes,1,1,0
Yes,1,3,105,Yes,1,No,0,Fiber optic,1,0,Yes,1,1,0
No,0,9,44,Yes,1,No,0,DSL,0,1,Yes,1,1,0
No,0,56,86,Yes,1,No,0,Fiber optic,1,0,Yes,1,1,0
No,0,72,84,Yes,1,Yes,1,DSL,0,1,Yes,1,1,0
Yes,1,1,70,Yes,1,No,0,Fiber optic,1,0,Yes,1,1,0
Yes,1,2,71,Yes,1,No,0,DSL,0,1,Yes,1,1,0
No,0,60,106,Yes,1,No,0,Fiber optic,1,0,Yes,1,1,0
No,0,24,89,Yes,1,No,0,Fiber optic,1,0,Yes,1,1,0
No,0,57,41,Yes,1,No,0,DSL,0,1,No,0,1,0
No,0,5,21,Yes,1,No,0,No,0,0,Yes,1,1,0
No,0,19,40,Yes,1,No,0,DSL,0,1,No,0,1,0
No,0,70,58,No,0,No,0,DSL,0,1,No,0,1,0
No,0,23,20,No,0,Yes,1,No,0,0,Yes,1,1,0
No,0,72,99,Yes,1,Yes,1,Fiber optic,1,0,Yes,1,1,0
No,0,59,54,No,0,No,0,DSL,0,1,Yes,1,1,0
No,0,72,25,No,0,Yes,1,No,0,0,Yes,1,1,0
No,0,12,95,No,0,No,0,Fiber optic,1,0,Yes,1,1,0
No,0,31,98,No,0,Yes,1,Fiber optic,1,0,Yes,1,1,0
No,0,19,56,Yes,1,No,0,DSL,0,1,Yes,1,1,0
No,0,51,26,No,0,No,0,No,0,0,Yes,1,1,0
Yes,1,9,99,Yes,1,No,0,Fiber optic,1,0,Yes,1,1,0
Yes,1,25,25,No,0,No,0,No,0,0,Yes,1,1,0
Yes,1,43,90,Yes,1,No,0,Fiber optic,1,0,Yes,1,1,0
No,0,14,20,Yes,1,Yes,1,No,0,0,Yes,1,1,0
No,0,6,61,No,0,No,0,DSL,0,1,Yes,1,1,0
No,0,16,21,No,0,Yes,1,No,0,0,Yes,1,1,0
No,0,65,25,No,0,No,0,No,0,0,Yes,1,1,0
No,0,69,95,Yes,1,Yes,1,Fiber optic,1,0,Yes,1,1,0
Yes,1,1,46,Yes,1,No,0,DSL,0,1,Yes,1,1,0
No,0,23,88,Yes,1,Yes,1,Fiber optic,1,0,Yes,1,1,0
No,0,72,84,Yes,1,No,0,DSL,0,1,Yes,1,1,0
Yes,1,2,35,Yes,1,No,0,DSL,0,1,No,0,1,0
No,0,26,59,No,0,No,0,DSL,0,1,Yes,1,1,0
No,0,59,107,Yes,1,No,0,Fiber optic,1,0,Yes,1,1,0
No,0,14,86,Yes,1,Yes,1,Fiber optic,1,0,Yes,1,1,0
No,0,42,21,Yes,1,No,0,No,0,0,Yes,1,1,0
No,0,1,63,Yes,1,No,0,DSL,0,1,Yes,1,1,0
No,0,14,56,Yes,1,No,0,DSL,0,1,Yes,1,1,0
No,0,17,79,No,0,No,0,Fiber optic,1,0,Yes,1,1,0
No,0,15,20,No,0,No,0,No,0,0,Yes,1,1,0
Yes,1,35,75,Yes,1,No,0,Fiber optic,1,0,Yes,1,1,0
Yes,1,8,94,Yes,1,No,0,Fiber optic,1,0,Yes,1,1,0
No,0,45,24,No,0,Yes,1,No,0,0,Yes,1,1,0
No,0,62,39,Yes,1,No,0,DSL,0,1,No,0,1,0
No,0,63,103,No,0,No,0,Fiber optic,1,0,Yes,1,1,0
No,0,56,76,Yes,1,No,0,DSL,0,1,Yes,1,1,0
No,0,21,104,No,0,No,0,Fiber optic,1,0,Yes,1,1,0
Yes,1,26,94,Yes,1,No,0,Fiber optic,1,0,Yes,1,1,0
No,0,22,79,Yes,1,Yes,1,DSL,0,1,Yes,1,1,0
Yes,1,22,89,No,0,No,0,Fiber optic,1,0,Yes,1,1,0
No,0,69,21,Yes,1,Yes,1,No,0,0,Yes,1,1,0
Yes,1,13,46,Yes,1,No,0,DSL,0,1,No,0,1,0
No,0,34,57,No,0,No,0,DSL,0,1,Yes,1,1,0
No,0,5,64,No,0,Yes,1,DSL,0,1,Yes,1,1,0
No,0,26,45,Yes,1,No,0,DSL,0,1,No,0,1,0
No,0,62,26,Yes,1,No,0,No,0,0,Yes,1,1,0
No,0,52,105,Yes,1,No,0,Fiber optic,1,0,Yes,1,1,0
No,0,35,49,No,0,No,0,DSL,0,1,No,0,1,0
Yes,1,5,69,Yes,1,No,0,Fiber optic,1,0,Yes,1,1,0
No,0,49,50,No,0,No,0,DSL,0,1,No,0,1,0
No,0,1,20,No,0,Yes,1,No,0,0,Yes,1,1,0
No,0,72,109,No,0,No,0,Fiber optic,1,0,Yes,1,1,0
No,0,67,95,Yes,1,No,0,Fiber optic,1,0,Yes,1,1,0
No,0,3,71,No,0,Yes,1,DSL,0,1,Yes,1,1,0
Yes,1,40,97,Yes,1,No,0,Fiber optic,1,0,Yes,1,1,0
No,0,26,21,No,0,No,0,No,0,0,Yes,1,1,0
No,0,71,84,No,0,No,0,DSL,0,1,Yes,1,1,0
No,0,69,57,No,0,No,0,DSL,0,1,No,0,1,0
No,0,70,84,Yes,1,Yes,1,DSL,0,1,Yes,1,1,0
No,0,70,79,No,0,No,0,DSL,0,1,Yes,1,1,0
No,0,72,79,Yes,1,No,0,DSL,0,1,Yes,1,1,0
No,0,67,106,Yes,1,Yes,1,Fiber optic,1,0,Yes,1,1,0
Yes,1,37,29,No,0,No,0,DSL,0,1,No,0,1,0
No,0,71,77,No,0,No,0,DSL,0,1,Yes,1,0,1
Yes,1,7,95,Yes,1,No,0,Fiber optic,1,0,Yes,1,0,1
No,0,2,69,Yes,1,No,0,Fiber optic,1,0,Yes,1,0,1
No,0,34,98,Yes,1,Yes,1,Fiber optic,1,0,Yes,1,0,1
No,0,35,110,Yes,1,Yes,1,Fiber optic,1,0,Yes,1,0,1
Yes,1,70,110,Yes,1,No,0,Fiber optic,1,0,Yes,1,0,1
No,0,39,100,Yes,1,Yes,1,Fiber optic,1,0,Yes,1,0,1
Yes,1,1,20,Yes,1,No,0,No,0,0,Yes,1,0,1
No,0,12,89,Yes,1,No,0,Fiber optic,1,0,Yes,1,0,1
No,0,60,105,No,0,No,0,Fiber optic,1,0,Yes,1,0,1
No,0,7,19,Yes,1,No,0,No,0,0,Yes,1,0,1
No,0,16,69,Yes,1,Yes,1,DSL,0,1,Yes,1,0,1
Yes,1,5,80,Yes,1,Yes,1,Fiber optic,1,0,Yes,1,0,1
No,0,59,114,No,0,No,0,Fiber optic,1,0,Yes,1,0,1
Yes,1,10,80,Yes,1,No,0,Fiber optic,1,0,Yes,1,0,1
No,0,8,21,No,0,Yes,1,No,0,0,Yes,1,0,1
No,0,23,20,No,0,Yes,1,No,0,0,Yes,1,0,1
Yes,1,24,105,Yes,1,No,0,Fiber optic,1,0,Yes,1,0,1
No,0,10,24,Yes,1,Yes,1,No,0,0,Yes,1,0,1
No,0,65,93,Yes,1,No,0,Fiber optic,1,0,Yes,1,0,1
Yes,1,7,60,Yes,1,No,0,DSL,0,1,Yes,1,0,1
No,0,10,95,Yes,1,No,0,Fiber optic,1,0,Yes,1,0,1
No,0,4,20,Yes,1,No,0,No,0,0,Yes,1,0,1
Yes,1,1,46,Yes,1,No,0,DSL,0,1,Yes,1,0,1
No,0,10,21,Yes,1,No,0,No,0,0,Yes,1,0,1
No,0,64,99,No,0,No,0,Fiber optic,1,0,Yes,1,0,1
No,0,23,55,Yes,1,Yes,1,DSL,0,1,Yes,1,0,1
No,0,29,19,No,0,No,0,No,0,0,Yes,1,0,1
Yes,1,40,95,Yes,1,Yes,1,Fiber optic,1,0,Yes,1,0,1
Yes,1,20,71,No,0,No,0,Fiber optic,1,0,Yes,1,0,1
Yes,1,1,94,Yes,1,No,0,Fiber optic,1,0,Yes,1,0,1
No,0,2,20,Yes,1,No,0,No,0,0,Yes,1,0,1
No,0,41,80,Yes,1,No,0,Fiber optic,1,0,Yes,1,0,1
Yes,1,4,102,Yes,1,Yes,1,Fiber optic,1,0,Yes,1,0,1
No,0,1,20,No,0,Yes,1,No,0,0,Yes,1,0,1
No,0,26,21,Yes,1,No,0,No,0,0,Yes,1,0,1
No,0,50,43,Yes,1,Yes,1,DSL,0,1,No,0,0,1
Yes,1,48,45,Yes,1,No,0,DSL,0,1,No,0,0,1
No,0,67,68,No,0,Yes,1,DSL,0,1,Yes,1,0,1
No,0,20,20,Yes,1,No,0,No,0,0,Yes,1,0,1
No,0,29,20,Yes,1,No,0,No,0,0,Yes,1,0,1
No,0,49,98,Yes,1,Yes,1,Fiber optic,1,0,Yes,1,0,1
No,0,34,96,Yes,1,No,0,Fiber optic,1,0,Yes,1,0,1
No,0,8,86,Yes,1,No,0,Fiber optic,1,0,Yes,1,0,1
No,0,8,29,Yes,1,No,0,DSL,0,1,No,0,0,1
No,0,36,94,Yes,1,No,0,Fiber optic,1,0,Yes,1,0,1
Yes,1,66,104,Yes,1,No,0,Fiber optic,1,0,Yes,1,0,1
Yes,1,1,69,Yes,1,No,0,Fiber optic,1,0,Yes,1,0,1
No,0,47,20,No,0,Yes,1,No,0,0,Yes,1,0,1
No,0,1,20,Yes,1,No,0,No,0,0,Yes,1,0,1
Yes,1,59,101,No,0,No,0,Fiber optic,1,0,Yes,1,0,1
No,0,50,20,No,0,No,0,No,0,0,Yes,1,0,1
No,0,51,29,Yes,1,No,0,DSL,0,1,No,0,0,1
No,0,3,35,Yes,1,No,0,DSL,0,1,No,0,0,1
No,0,52,64,No,0,No,0,DSL,0,1,No,0,0,1
Yes,1,3,75,Yes,1,No,0,Fiber optic,1,0,Yes,1,0,1
Yes,1,66,80,Yes,1,No,0,Fiber optic,1,0,Yes,1,0,1
Yes,1,8,20,No,0,No,0,No,0,0,Yes,1,0,1
Yes,1,1,50,Yes,1,No,0,DSL,0,1,Yes,1,0,1
No,0,1,51,No,0,No,0,DSL,0,1,Yes,1,0,1
Yes,1,14,90,Yes,1,No,0,Fiber optic,1,0,Yes,1,0,1
No,0,71,20,No,0,Yes,1,No,0,0,Yes,1,0,1
No,0,71,106,No,0,No,0,Fiber optic,1,0,Yes,1,0,1
No,0,7,44,No,0,No,0,DSL,0,1,Yes,1,0,1
No,0,61,20,No,0,No,0,No,0,0,Yes,1,0,1
No,0,54,60,No,0,Yes,1,DSL,0,1,Yes,1,0,1
No,0,46,40,No,0,No,0,DSL,0,1,No,0,0,1
No,0,1,89,Yes,1,No,0,Fiber optic,1,0,Yes,1,0,1
No,0,32,74,No,0,Yes,1,DSL,0,1,Yes,1,0,1
No,0,12,20,No,0,Yes,1,No,0,0,Yes,1,0,1
No,0,41,51,Yes,1,No,0,DSL,0,1,No,0,0,1
Yes,1,39,75,No,0,No,0,Fiber optic,1,0,Yes,1,0,1
No,0,7,64,No,0,No,0,DSL,0,1,Yes,1,0,1
Yes,1,37,86,Yes,1,No,0,Fiber optic,1,0,Yes,1,0,1
Yes,1,9,44,Yes,1,No,0,DSL,0,1,Yes,1,0,1
No,0,55,104,Yes,1,Yes,1,Fiber optic,1,0,Yes,1,0,1
No,0,39,20,No,0,No,0,No,0,0,Yes,1,0,1
No,0,43,50,No,0,Yes,1,DSL,0,1,Yes,1,0,1
No,0,6,90,Yes,1,No,0,Fiber optic,1,0,Yes,1,0,1
Yes,1,22,95,Yes,1,No,0,Fiber optic,1,0,Yes,1,0,1
No,0,16,81,Yes,1,No,0,Fiber optic,1,0,Yes,1,0,1
No,0,1,20,No,0,No,0,No,0,0,Yes,1,0,1
No,0,64,87,Yes,1,Yes,1,Fiber optic,1,0,Yes,1,0,1
No,0,16,20,No,0,Yes,1,No,0,0,Yes,1,0,1
Yes,1,18,85,Yes,1,No,0,Fiber optic,1,0,Yes,1,0,1
No,0,61,60,No,0,Yes,1,DSL,0,1,Yes,1,0,1
No,0,22,84,Yes,1,No,0,Fiber optic,1,0,Yes,1,0,1
No,0,18,20,No,0,No,0,No,0,0,Yes,1,0,1
No,0,1,25,Yes,1,No,0,No,0,0,Yes,1,0,1
No,0,48,20,No,0,Yes,1,No,0,0,Yes,1,0,1
No,0,12,45,Yes,1,No,0,DSL,0,1,Yes,1,0,1
Yes,1,13,100,Yes,1,No,0,Fiber optic,1,0,Yes,1,0,1
No,0,52,84,Yes,1,Yes,1,Fiber optic,1,0,Yes,1,0,1
Yes,1,13,89,No,0,No,0,Fiber optic,1,0,Yes,1,0,1
No,0,15,49,Yes,1,No,0,DSL,0,1,Yes,1,0,1
No,0,4,40,Yes,1,No,0,DSL,0,1,No,0,0,1
Yes,1,31,94,No,0,No,0,Fiber optic,1,0,Yes,1,0,1
No,0,8,55,No,0,Yes,1,DSL,0,1,Yes,1,0,1
No,0,49,102,No,0,No,0,Fiber optic,1,0,Yes,1,0,1
No,0,17,80,No,0,No,0,DSL,0,1,Yes,1,0,1
Yes,1,22,54,Yes,1,No,0,DSL,0,1,Yes,1,0,1
No,0,72,66,No,0,Yes,1,DSL,0,1,No,0,0,1
Yes,1,43,56,No,0,No,0,DSL,0,1,No,0,0,1
No,0,53,98,No,0,No,0,Fiber optic,1,0,Yes,1,0,1
No,0,1,56,No,0,No,0,DSL,0,1,Yes,1,0,1
Yes,1,67,103,Yes,1,No,0,Fiber optic,1,0,Yes,1,0,1
No,0,1,20,No,0,Yes,1,No,0,0,Yes,1,0,1
No,0,70,90,Yes,1,Yes,1,DSL,0,1,Yes,1,0,1
No,0,10,30,No,0,No,0,DSL,0,1,No,0,0,1
Yes,1,1,96,No,0,No,0,Fiber optic,1,0,Yes,1,0,1
Yes,1,49,85,No,0,Yes,1,Fiber optic,1,0,Yes,1,0,1
No,0,12,105,Yes,1,Yes,1,Fiber optic,1,0,Yes,1,0,1
Yes,1,6,56,No,0,Yes,1,DSL,0,1,Yes,1,0,1
No,0,16,85,Yes,1,No,0,Fiber optic,1,0,Yes,1,0,1
No,0,65,74,Yes,1,No,0,DSL,0,1,Yes,1,0,1
No,0,12,19,No,0,No,0,No,0,0,Yes,1,0,1
No,0,56,105,Yes,1,No,0,Fiber optic,1,0,Yes,1,0,1
No,0,60,21,No,0,No,0,No,0,0,Yes,1,0,1
No,0,72,116,Yes,1,No,0,Fiber optic,1,0,Yes,1,0,1
No,0,30,40,Yes,1,No,0,DSL,0,1,No,0,0,1
No,0,42,21,Yes,1,No,0,No,0,0,Yes,1,0,1
Yes,1,32,96,Yes,1,No,0,Fiber optic,1,0,Yes,1,0,1
No,0,27,89,Yes,1,No,0,Fiber optic,1,0,Yes,1,0,1
No,0,70,20,No,0,No,0,No,0,0,Yes,1,0,1
No,0,38,80,Yes,1,Yes,1,Fiber optic,1,0,Yes,1,0,1
No,0,1,19,No,0,No,0,No,0,0,Yes,1,0,1
No,0,48,19,No,0,No,0,No,0,0,Yes,1,0,1
No,0,64,68,Yes,1,No,0,DSL,0,1,Yes,1,0,1
No,0,70,20,No,0,No,0,No,0,0,Yes,1,0,1
No,0,69,25,Yes,1,No,0,No,0,0,Yes,1,0,1
No,0,19,95,Yes,1,No,0,Fiber optic,1,0,Yes,1,0,1
Yes,1,11,23,No,0,No,0,No,0,0,Yes,1,0,1
No,0,2,84,Yes,1,No,0,Fiber optic,1,0,Yes,1,0,1
No,0,17,21,Yes,1,No,0,No,0,0,Yes,1,0,1
No,0,44,20,No,0,Yes,1,No,0,0,Yes,1,0,1
No,0,50,90,Yes,1,No,0,Fiber optic,1,0,Yes,1,0,1
No,0,15,21,No,0,Yes,1,No,0,0,Yes,1,0,1
Yes,1,1,20,Yes,1,No,0,No,0,0,Yes,1,0,1
No,0,9,70,No,0,No,0,Fiber optic,1,0,Yes,1,0,1
No,0,16,101,No,0,Yes,1,Fiber optic,1,0,Yes,1,0,1
No,0,50,70,No,0,No,0,DSL,0,1,Yes,1,0,1
Yes,1,1,70,Yes,1,No,0,Fiber optic,1,0,Yes,1,0,1
Yes,1,37,102,Yes,1,No,0,Fiber optic,1,0,Yes,1,0,1
No,0,11,85,No,0,No,0,Fiber optic,1,0,Yes,1,0,1
Yes,1,65,92,Yes,1,No,0,Fiber optic,1,0,Yes,1,0,1
Yes,1,28,92,Yes,1,No,0,Fiber optic,1,0,Yes,1,0,1
No,0,55,19,No,0,Yes,1,No,0,0,Yes,1,0,1
No,0,4,20,Yes,1,Yes,1,No,0,0,Yes,1,0,1
No,0,48,20,No,0,No,0,No,0,0,Yes,1,0,1
Yes,1,9,74,Yes,1,No,0,Fiber optic,1,0,Yes,1,0,1
No,0,13,53,No,0,Yes,1,DSL,0,1,Yes,1,0,1
Yes,1,43,101,Yes,1,No,0,Fiber optic,1,0,Yes,1,0,1
Yes,1,39,51,Yes,1,No,0,DSL,0,1,No,0,0,1
No,0,71,90,No,0,Yes,1,DSL,0,1,Yes,1,0,1
No,0,69,79,Yes,1,Yes,1,DSL,0,1,Yes,1,0,1
No,0,45,74,No,0,No,0,DSL,0,1,Yes,1,0,1
No,0,13,94,No,0,No,0,Fiber optic,1,0,Yes,1,0,1
No,0,45,26,Yes,1,Yes,1,No,0,0,Yes,1,0,1
No,0,1,19,No,0,No,0,No,0,0,Yes,1,0,1
Yes,1,8,30,Yes,1,No,0,DSL,0,1,No,0,0,1
No,0,68,87,Yes,1,Yes,1,DSL,0,1,Yes,1,0,1
No,0,46,96,Yes,1,No,0,Fiber optic,1,0,Yes,1,0,1
Yes,1,40,102,No,0,No,0,Fiber optic,1,0,Yes,1,0,1
No,0,59,106,Yes,1,Yes,1,Fiber optic,1,0,Yes,1,0,1
Yes,1,1,69,No,0,No,0,Fiber optic,1,0,Yes,1,0,1
Yes,1,53,85,No,0,No,0,Fiber optic,1,0,Yes,1,0,1
No,0,48,83,Yes,1,No,0,DSL,0,1,Yes,1,0,1
No,0,51,81,Yes,1,Yes,1,Fiber optic,1,0,Yes,1,0,1
No,0,50,90,Yes,1,No,0,Fiber optic,1,0,Yes,1,0,1
No,0,53,72,No,0,Yes,1,DSL,0,1,Yes,1,0,1
Yes,1,63,103,Yes,1,No,0,Fiber optic,1,0,Yes,1,0,1
No,0,7,45,Yes,1,No,0,DSL,0,1,Yes,1,0,1
Yes,1,27,78,Yes,1,No,0,Fiber optic,1,0,Yes,1,0,1
Yes,1,9,35,Yes,1,No,0,DSL,0,1,No,0,0,1
No,0,10,20,No,0,Yes,1,No,0,0,Yes,1,0,1
No,0,13,76,Yes,1,No,0,DSL,0,1,Yes,1,0,1
No,0,40,93,Yes,1,No,0,Fiber optic,1,0,Yes,1,0,1
No,0,27,101,Yes,1,No,0,Fiber optic,1,0,Yes,1,0,1
No,0,42,105,Yes,1,No,0,Fiber optic,1,0,Yes,1,0,1
Yes,1,1,62,No,0,No,0,DSL,0,1,Yes,1,0,1
No,0,18,73,Yes,1,No,0,Fiber optic,1,0,Yes,1,0,1
Yes,1,2,95,No,0,No,0,Fiber optic,1,0,Yes,1,0,1
No,0,53,49,Yes,1,Yes,1,DSL,0,1,No,0,0,1
Yes,1,47,110,Yes,1,No,0,Fiber optic,1,0,Yes,1,0,1
No,0,11,51,No,0,Yes,1,DSL,0,1,Yes,1,0,1
No,0,60,101,Yes,1,No,0,Fiber optic,1,0,Yes,1,0,1
Yes,1,15,20,Yes,1,Yes,1,No,0,0,Yes,1,0,1
No,0,4,25,Yes,1,Yes,1,No,0,0,Yes,1,0,1
No,0,72,25,No,0,Yes,1,No,0,0,Yes,1,0,1
No,0,34,20,Yes,1,Yes,1,No,0,0,Yes,1,0,1
No,0,2,20,No,0,No,0,No,0,0,Yes,1,0,1
No,0,26,35,No,0,No,0,DSL,0,1,No,0,0,1
No,0,61,44,No,0,No,0,DSL,0,1,No,0,0,1
Yes,1,23,79,Yes,1,No,0,Fiber optic,1,0,Yes,1,0,1
Yes,1,8,20,Yes,1,Yes,1,No,0,0,Yes,1,0,1
No,0,58,95,Yes,1,Yes,1,Fiber optic,1,0,Yes,1,0,1
No,0,3,54,Yes,1,No,0,DSL,0,1,Yes,1,0,1
No,0,43,64,Yes,1,Yes,1,DSL,0,1,Yes,1,0,1
Yes,1,55,58,No,0,Yes,1,DSL,0,1,Yes,1,0,1
No,0,67,88,Yes,1,No,0,Fiber optic,1,0,Yes,1,0,1
No,0,45,116,Yes,1,No,0,Fiber optic,1,0,Yes,1,0,1
No,0,6,20,Yes,1,Yes,1,No,0,0,Yes,1,0,1
No,0,43,19,Yes,1,Yes,1,No,0,0,Yes,1,0,1
Yes,1,1,49,Yes,1,No,0,DSL,0,1,Yes,1,0,1
No,0,23,21,Yes,1,No,0,No,0,0,Yes,1,0,1
No,0,10,21,Yes,1,No,0,No,0,0,Yes,1,0,1
No,0,61,94,Yes,1,No,0,Fiber optic,1,0,Yes,1,0,1
Yes,1,18,50,Yes,1,No,0,DSL,0,1,Yes,1,0,1
Yes,1,6,76,Yes,1,No,0,Fiber optic,1,0,Yes,1,0,1
No,0,59,20,No,0,Yes,1,No,0,0,Yes,1,0,1
Yes,1,12,45,Yes,1,Yes,1,DSL,0,1,Yes,1,0,1
No,0,42,69,Yes,1,Yes,1,DSL,0,1,Yes,1,0,1
No,0,34,41,Yes,1,Yes,1,DSL,0,1,No,0,0,1
Yes,1,3,70,Yes,1,No,0,Fiber optic,1,0,Yes,1,0,1
No,0,57,53,No,0,No,0,DSL,0,1,No,0,0,1
No,0,4,51,Yes,1,No,0,DSL,0,1,Yes,1,0,1
No,0,40,62,Yes,1,No,0,DSL,0,1,Yes,1,0,1
No,0,56,77,Yes,1,No,0,Fiber optic,1,0,Yes,1,0,1
Yes,1,10,75,Yes,1,No,0,Fiber optic,1,0,Yes,1,0,1
No,0,27,74,No,0,Yes,1,Fiber optic,1,0,Yes,1,0,1
No,0,57,20,No,0,Yes,1,No,0,0,Yes,1,0,1
No,0,66,84,Yes,1,Yes,1,DSL,0,1,Yes,1,0,1
No,0,68,25,No,0,Yes,1,No,0,0,Yes,1,0,1
No,0,66,86,Yes,1,No,0,DSL,0,1,Yes,1,0,1
No,0,51,96,Yes,1,No,0,Fiber optic,1,0,Yes,1,0,1
Yes,1,55,99,Yes,1,No,0,Fiber optic,1,0,Yes,1,0,1
No,0,2,75,Yes,1,No,0,Fiber optic,1,0,Yes,1,0,1
No,0,55,86,No,0,Yes,1,Fiber optic,1,0,Yes,1,0,1
No,0,39,101,No,0,Yes,1,Fiber optic,1,0,Yes,1,0,1
No,0,52,79,No,0,Yes,1,DSL,0,1,Yes,1,0,1
Yes,1,24,103,Yes,1,No,0,Fiber optic,1,0,Yes,1,0,1
Yes,1,5,51,Yes,1,No,0,DSL,0,1,No,0,0,1
No,0,10,20,Yes,1,No,0,No,0,0,Yes,1,0,1
Yes,1,11,104,Yes,1,No,0,Fiber optic,1,0,Yes,1,0,1
No,0,50,108,Yes,1,Yes,1,Fiber optic,1,0,Yes,1,0,1
No,0,67,85,Yes,1,No,0,DSL,0,1,Yes,1,0,1
No,0,59,109,Yes,1,No,0,Fiber optic,1,0,Yes,1,0,1
No,0,2,19,No,0,No,0,No,0,0,Yes,1,0,1
Yes,1,38,62,Yes,1,No,0,DSL,0,1,Yes,1,0,1
No,0,70,66,No,0,Yes,1,DSL,0,1,Yes,1,0,1
No,0,71,24,Yes,1,No,0,No,0,0,Yes,1,0,1
No,0,53,104,Yes,1,Yes,1,Fiber optic,1,0,Yes,1,0,1
No,0,63,59,No,0,Yes,1,DSL,0,1,No,0,0,1
No,0,2,55,Yes,1,Yes,1,DSL,0,1,Yes,1,0,1
No,0,17,71,Yes,1,No,0,Fiber optic,1,0,Yes,1,0,1
Yes,1,16,50,Yes,1,No,0,DSL,0,1,No,0,0,1
Yes,1,22,74,Yes,1,No,0,Fiber optic,1,0,Yes,1,0,1
Yes,1,2,96,Yes,1,No,0,Fiber optic,1,0,Yes,1,0,1
No,0,13,35,No,0,No,0,DSL,0,1,No,0,0,1
No,0,8,55,Yes,1,No,0,DSL,0,1,Yes,1,0,1
No,0,50,84,Yes,1,Yes,1,DSL,0,1,Yes,1,0,1
Yes,1,2,20,No,0,No,0,No,0,0,Yes,1,0,1
No,0,72,107,Yes,1,No,0,Fiber optic,1,0,Yes,1,0,1
Yes,1,18,95,Yes,1,No,0,Fiber optic,1,0,Yes,1,0,1
Yes,1,61,106,Yes,1,No,0,Fiber optic,1,0,Yes,1,0,1
Yes,1,8,70,Yes,1,No,0,Fiber optic,1,0,Yes,1,0,1
Yes,1,46,30,No,0,No,0,DSL,0,1,No,0,0,1
Yes,1,8,100,No,0,No,0,Fiber optic,1,0,Yes,1,0,1
No,0,51,90,Yes,1,Yes,1,Fiber optic,1,0,Yes,1,0,1
Yes,1,21,69,Yes,1,No,0,Fiber optic,1,0,Yes,1,0,1
No,0,1,44,No,0,Yes,1,DSL,0,1,Yes,1,0,1
No,0,15,77,No,0,Yes,1,DSL,0,1,Yes,1,0,1
No,0,5,49,Yes,1,Yes,1,DSL,0,1,Yes,1,0,1
No,0,64,76,Yes,1,No,0,DSL,0,1,Yes,1,0,1
No,0,65,71,Yes,1,No,0,Fiber optic,1,0,Yes,1,0,1
No,0,9,49,No,0,Yes,1,DSL,0,1,Yes,1,0,1
Yes,1,10,110,Yes,1,No,0,Fiber optic,1,0,Yes,1,0,1
No,0,70,111,Yes,1,No,0,Fiber optic,1,0,Yes,1,0,1
No,0,54,110,Yes,1,No,0,Fiber optic,1,0,Yes,1,0,1
No,0,52,85,Yes,1,Yes,1,DSL,0,1,Yes,1,0,1
No,0,1,20,No,0,No,0,No,0,0,Yes,1,0,1
No,0,72,65,Yes,1,Yes,1,DSL,0,1,No,0,0,1
No,0,68,64,No,0,No,0,DSL,0,1,Yes,1,0,1
Yes,1,5,70,Yes,1,No,0,DSL,0,1,Yes,1,0,1
No,0,32,51,No,0,Yes,1,DSL,0,1,No,0,0,1
Yes,1,48,96,Yes,1,Yes,1,Fiber optic,1,0,Yes,1,0,1
No,0,51,25,No,0,No,0,No,0,0,Yes,1,0,1
No,0,25,20,No,0,Yes,1,No,0,0,Yes,1,0,1
No,0,14,20,No,0,No,0,No,0,0,Yes,1,0,1
No,0,22,85,No,0,Yes,1,Fiber optic,1,0,Yes,1,0,1
No,0,70,95,Yes,1,No,0,Fiber optic,1,0,Yes,1,0,1
No,0,11,56,Yes,1,No,0,DSL,0,1,Yes,1,0,1
No,0,66,90,No,0,Yes,1,DSL,0,1,Yes,1,0,1
No,0,21,20,Yes,1,No,0,No,0,0,Yes,1,0,1
No,0,2,20,No,0,No,0,No,0,0,Yes,1,0,1
No,0,67,51,Yes,1,No,0,DSL,0,1,No,0,0,1
Yes,1,4,100,Yes,1,No,0,Fiber optic,1,0,Yes,1,0,1
No,0,13,65,Yes,1,Yes,1,DSL,0,1,Yes,1,0,1
No,0,70,76,Yes,1,No,0,DSL,0,1,Yes,1,0,1
Yes,1,30,94,Yes,1,Yes,1,Fiber optic,1,0,Yes,1,0,1
No,0,8,85,No,0,No,0,Fiber optic,1,0,Yes,1,0,1
Yes,1,12,57,No,0,No,0,DSL,0,1,Yes,1,0,1
No,0,68,90,No,0,No,0,Fiber optic,1,0,Yes,1,0,1
No,0,18,58,No,0,Yes,1,DSL,0,1,Yes,1,0,1
No,0,65,70,Yes,1,Yes,1,DSL,0,1,Yes,1,0,1
No,0,25,62,Yes,1,Yes,1,DSL,0,1,Yes,1,0,1
No,0,2,54,No,0,No,0,DSL,0,1,Yes,1,0,1
Yes,1,1,69,Yes,1,No,0,Fiber optic,1,0,Yes,1,0,1
Yes,1,54,70,Yes,1,No,0,DSL,0,1,Yes,1,0,1
Yes,1,34,87,No,0,Yes,1,Fiber optic,1,0,Yes,1,0,1